<?xml version="1.0" encoding="UTF-8" standalone="yes" ?>
<appProperties xmlns="http://schemas.mathworks.com/matlab/app/2012/appProperties" signature="5803839A7EC3A53FFDA841A2C268C96058372344">

  <entryPoint>PrinCut</entryPoint>

  <name>PrinCut</name>

  <version>2.0</version>

  <createdByMATLABRelease>(R2023a)</createdByMATLABRelease>

  <GUID>bb7451f9-aba3-4031-af60-f8d8b807ae0d</GUID>

  <supportedPlatforms/>

  <requiredProducts/>

  <numFiles>40</numFiles>

  <created>2023-06-10T20:40:08Z</created>

  <appEntries>
    <appFile>/SIPCv4/3D/PrcplCrvtr_scaleInvariant_3D_v9d1.m</appFile>
    <appFile>/boundaryRefine/getSmartSeedStandalone.m</appFile>
    <appFile>/GUI/figures/leftIcon.png</appFile>
    <appFile>/GUI/figures/rightIcon.png</appFile>
    <appFile>/boundaryRefine/dependencies/rearrangeLabel.m</appFile>
    <appFile>/boundaryRefine/dependencies/cc_ImHandle/scale_image.m</appFile>
    <appFile>/boundaryRefine/dependencies/region_sanity_check.m</appFile>
    <appFile>/boundaryRefine/get_local_area_Wei.m</appFile>
    <appFile>/boundaryRefine/ksegments_orderstatistics_fin.m</appFile>
    <appFile>/boundaryRefine/dependencies/cc_ImHandle/sub2ind_direct.m</appFile>
    <appFile>/boundaryRefine/boundaryRefineModule_v2.m</appFile>
    <appFile>/GUI/PrinCut.mlapp</appFile>
    <appFile>/boundaryRefine/getSeedMap.m</appFile>
    <appFile>/boundaryRefine/dependencies/shortestPath_negHandle_mat.m</appFile>
    <appFile>/boundaryRefine/dependencies/graphCut_negHandle_mat.m</appFile>
    <appFile>/boundaryRefine/dependencies/getSmartSeed.m</appFile>
    <appFile>/imageIO_Wei/label2RGB_HD_v2.m</appFile>
    <appFile>/boundaryRefine/removeFalsePositiveModule.m</appFile>
    <appFile>/SIPCv4/3D/Hessian3D_v5.m</appFile>
    <appFile>/boundaryRefine/dependencies/initial_q.m</appFile>
    <appFile>/boundaryRefine/dependencies/neighbours_mat.m</appFile>
    <appFile>/boundaryRefine/refineOneRegion_with_seed_forSmartSeed.m</appFile>
    <appFile>/boundaryRefine/refineOneRegion_with_seed_parallel_Wei_v2.m</appFile>
    <appFile>/boundaryRefine/crop3D_Wei.m</appFile>
    <appFile>/GUI/BG_globalThresholding.mlapp</appFile>
    <appFile>/boundaryRefine/dependencies/cc_ImHandle/crop3D.m</appFile>
    <appFile>/boundaryRefine/get_local_area_manual_Wei.m</appFile>
    <appFile>/boundaryRefine/dependencies/cc_ImHandle/ind2sub_direct.m</appFile>
    <appFile>/boundaryRefine/removeFalsePositiveCell9.m</appFile>
    <appFile>/SIPCv4/3D/PrcplCrvtr_scaleInvariant_3D_v9.m</appFile>
    <appFile>/GUI/backgroundMethod.mlapp</appFile>
    <appFile>/imageIO_Wei/gray2RGB_HD.m</appFile>
    <appFile>/SIPCv4/3D/getCurvature_3D_v4d4.m</appFile>
    <appFile>/newPrincipalCurvatureFunctions_Wei/oldMethod/gradient3.m</appFile>
    <appFile>/boundaryRefine/dependencies/rearrange_id.m</appFile>
    <appFile>/boundaryRefine/dependencies/graphCut_negHandle_mat_v2.m</appFile>
    <appFile>/newPrincipalCurvatureFunctions_Wei/noiseEstimation/PCThreshold.m</appFile>
    <appFile>/boundaryRefine/regionWiseAnalysis4d_Wei_v11.m</appFile>
    <appFile>/boundaryRefine/dependencies/cc_ImHandle/tifread.m</appFile>
    <appFile>/SIPCv4/3D/imgaussian_v4.m</appFile>
  </appEntries>

</appProperties>
