<?xml version="1.0" encoding="UTF-8" standalone="yes" ?>
<fileEntries xmlns="http://schemas.mathworks.com/matlab/compiler/2011/fileManifest" encoding="UTF-8" platform="win64">
  <fileEntry content="/fsroot/GUI/BG_globalThresholding.mlapp" date="2023-04-28T19:02:47Z" name="/GUI/BG_globalThresholding.mlapp" permissions="37302" type="File"/>
  <fileEntry content="/fsroot/GUI/PrinCut.mlapp" date="2023-06-10T20:39:40Z" name="/GUI/PrinCut.mlapp" permissions="37302" type="File"/>
  <fileEntry content="/fsroot/GUI/backgroundMethod.mlapp" date="2023-04-11T20:14:58Z" name="/GUI/backgroundMethod.mlapp" permissions="37302" type="File"/>
  <fileEntry content="/fsroot/GUI/figures/leftIcon.png" date="2023-04-11T21:55:45Z" name="/GUI/figures/leftIcon.png" permissions="37302" type="File"/>
  <fileEntry content="/fsroot/GUI/figures/rightIcon.png" date="2023-04-11T21:54:23Z" name="/GUI/figures/rightIcon.png" permissions="37302" type="File"/>
  <fileEntry content="/fsroot/SIPCv4/3D/Hessian3D_v5.m" date="2023-04-05T21:51:06Z" name="/SIPCv4/3D/Hessian3D_v5.m" permissions="37302" type="File"/>
  <fileEntry content="/fsroot/SIPCv4/3D/PrcplCrvtr_scaleInvariant_3D_v9.m" date="2023-04-11T22:56:56Z" name="/SIPCv4/3D/PrcplCrvtr_scaleInvariant_3D_v9.m" permissions="37302" type="File"/>
  <fileEntry content="/fsroot/SIPCv4/3D/PrcplCrvtr_scaleInvariant_3D_v9d1.m" date="2023-04-11T22:57:04Z" name="/SIPCv4/3D/PrcplCrvtr_scaleInvariant_3D_v9d1.m" permissions="37302" type="File"/>
  <fileEntry content="/fsroot/SIPCv4/3D/getCurvature_3D_v4d4.m" date="2023-04-11T21:26:15Z" name="/SIPCv4/3D/getCurvature_3D_v4d4.m" permissions="37302" type="File"/>
  <fileEntry content="/fsroot/SIPCv4/3D/imgaussian_v4.m" date="2022-11-10T19:26:22Z" name="/SIPCv4/3D/imgaussian_v4.m" permissions="37302" type="File"/>
  <fileEntry content="/fsroot/boundaryRefine/boundaryRefineModule_v2.m" date="2023-04-28T21:41:34Z" name="/boundaryRefine/boundaryRefineModule_v2.m" permissions="37302" type="File"/>
  <fileEntry content="/fsroot/boundaryRefine/crop3D_Wei.m" date="2022-11-15T16:40:10Z" name="/boundaryRefine/crop3D_Wei.m" permissions="37302" type="File"/>
  <fileEntry content="/fsroot/boundaryRefine/dependencies/cc_ImHandle/crop3D.m" date="2020-08-10T04:28:50Z" name="/boundaryRefine/dependencies/cc_ImHandle/crop3D.m" permissions="37302" type="File"/>
  <fileEntry content="/fsroot/boundaryRefine/dependencies/cc_ImHandle/ind2sub_direct.m" date="2020-10-05T03:47:02Z" name="/boundaryRefine/dependencies/cc_ImHandle/ind2sub_direct.m" permissions="37302" type="File"/>
  <fileEntry content="/fsroot/boundaryRefine/dependencies/cc_ImHandle/scale_image.m" date="2022-06-06T18:36:42Z" name="/boundaryRefine/dependencies/cc_ImHandle/scale_image.m" permissions="37302" type="File"/>
  <fileEntry content="/fsroot/boundaryRefine/dependencies/cc_ImHandle/sub2ind_direct.m" date="2022-06-06T18:36:42Z" name="/boundaryRefine/dependencies/cc_ImHandle/sub2ind_direct.m" permissions="37302" type="File"/>
  <fileEntry content="/fsroot/boundaryRefine/dependencies/cc_ImHandle/tifread.m" date="2022-06-06T18:36:42Z" name="/boundaryRefine/dependencies/cc_ImHandle/tifread.m" permissions="37302" type="File"/>
  <fileEntry content="/fsroot/boundaryRefine/dependencies/getSmartSeed.m" date="2023-05-03T19:24:04Z" name="/boundaryRefine/dependencies/getSmartSeed.m" permissions="37302" type="File"/>
  <fileEntry content="/fsroot/boundaryRefine/dependencies/graphCut_negHandle_mat.m" date="2022-06-06T18:02:49Z" name="/boundaryRefine/dependencies/graphCut_negHandle_mat.m" permissions="37302" type="File"/>
  <fileEntry content="/fsroot/boundaryRefine/dependencies/graphCut_negHandle_mat_v2.m" date="2023-05-02T19:57:24Z" name="/boundaryRefine/dependencies/graphCut_negHandle_mat_v2.m" permissions="37302" type="File"/>
  <fileEntry content="/fsroot/boundaryRefine/dependencies/initial_q.m" date="2022-10-10T15:50:23Z" name="/boundaryRefine/dependencies/initial_q.m" permissions="37302" type="File"/>
  <fileEntry content="/fsroot/boundaryRefine/dependencies/neighbours_mat.m" date="2022-06-06T18:02:57Z" name="/boundaryRefine/dependencies/neighbours_mat.m" permissions="37302" type="File"/>
  <fileEntry content="/fsroot/boundaryRefine/dependencies/rearrangeLabel.m" date="2023-04-22T01:12:46Z" name="/boundaryRefine/dependencies/rearrangeLabel.m" permissions="37302" type="File"/>
  <fileEntry content="/fsroot/boundaryRefine/dependencies/rearrange_id.m" date="2022-06-06T18:02:49Z" name="/boundaryRefine/dependencies/rearrange_id.m" permissions="37302" type="File"/>
  <fileEntry content="/fsroot/boundaryRefine/dependencies/region_sanity_check.m" date="2022-06-06T18:02:50Z" name="/boundaryRefine/dependencies/region_sanity_check.m" permissions="37302" type="File"/>
  <fileEntry content="/fsroot/boundaryRefine/dependencies/shortestPath_negHandle_mat.m" date="2023-04-13T18:10:05Z" name="/boundaryRefine/dependencies/shortestPath_negHandle_mat.m" permissions="37302" type="File"/>
  <fileEntry content="/fsroot/boundaryRefine/getSeedMap.m" date="2022-11-22T20:38:43Z" name="/boundaryRefine/getSeedMap.m" permissions="37302" type="File"/>
  <fileEntry content="/fsroot/boundaryRefine/getSmartSeedStandalone.m" date="2023-04-18T23:59:45Z" name="/boundaryRefine/getSmartSeedStandalone.m" permissions="37302" type="File"/>
  <fileEntry content="/fsroot/boundaryRefine/get_local_area_Wei.m" date="2022-11-22T20:07:45Z" name="/boundaryRefine/get_local_area_Wei.m" permissions="37302" type="File"/>
  <fileEntry content="/fsroot/boundaryRefine/get_local_area_manual_Wei.m" date="2023-05-04T20:16:56Z" name="/boundaryRefine/get_local_area_manual_Wei.m" permissions="37302" type="File"/>
  <fileEntry content="/fsroot/boundaryRefine/ksegments_orderstatistics_fin.m" date="2022-05-25T15:50:12Z" name="/boundaryRefine/ksegments_orderstatistics_fin.m" permissions="37302" type="File"/>
  <fileEntry content="/fsroot/boundaryRefine/refineOneRegion_with_seed_forSmartSeed.m" date="2023-05-08T19:33:52Z" name="/boundaryRefine/refineOneRegion_with_seed_forSmartSeed.m" permissions="37302" type="File"/>
  <fileEntry content="/fsroot/boundaryRefine/refineOneRegion_with_seed_parallel_Wei_v2.m" date="2023-04-26T21:54:36Z" name="/boundaryRefine/refineOneRegion_with_seed_parallel_Wei_v2.m" permissions="37302" type="File"/>
  <fileEntry content="/fsroot/boundaryRefine/regionWiseAnalysis4d_Wei_v11.m" date="2023-04-02T17:18:44Z" name="/boundaryRefine/regionWiseAnalysis4d_Wei_v11.m" permissions="37302" type="File"/>
  <fileEntry content="/fsroot/boundaryRefine/removeFalsePositiveCell9.m" date="2022-11-30T04:20:16Z" name="/boundaryRefine/removeFalsePositiveCell9.m" permissions="37302" type="File"/>
  <fileEntry content="/fsroot/boundaryRefine/removeFalsePositiveModule.m" date="2022-11-30T04:22:21Z" name="/boundaryRefine/removeFalsePositiveModule.m" permissions="37302" type="File"/>
  <fileEntry content="/fsroot/imageIO_Wei/gray2RGB_HD.m" date="2023-04-17T19:06:16Z" name="/imageIO_Wei/gray2RGB_HD.m" permissions="37302" type="File"/>
  <fileEntry content="/fsroot/imageIO_Wei/label2RGB_HD_v2.m" date="2023-04-27T17:41:54Z" name="/imageIO_Wei/label2RGB_HD_v2.m" permissions="37302" type="File"/>
  <fileEntry content="/fsroot/newPrincipalCurvatureFunctions_Wei/noiseEstimation/PCThreshold.m" date="2022-11-10T23:05:28Z" name="/newPrincipalCurvatureFunctions_Wei/noiseEstimation/PCThreshold.m" permissions="37302" type="File"/>
  <fileEntry content="/fsroot/newPrincipalCurvatureFunctions_Wei/oldMethod/gradient3.m" date="2022-11-28T22:07:12Z" name="/newPrincipalCurvatureFunctions_Wei/oldMethod/gradient3.m" permissions="37302" type="File"/>
</fileEntries>
